SR No.,CompanyName,Post,JobID,Type,Location,Skills,CTC,AppliedThrough,Comments,DateApplied,Link1,Link2
1,Congnizant,Programmer Analyst,triple zero 56773071,Full-time,Bangalore,,ND,Offial Website,,,https://careers.cognizant.com/in/en/Full-time/COGNGLOBAL00056773071/Programmer-Analyst?utm_source=linkedin&utm_medium=phenom-feeds,
2,Congnizant,Programmer Analyst,triple zero 57162692,Full-time,Chennai,,ND,Offial Website,,,"Programmer Analyst Full-time | Cognizant Full-time in Chennai, Tamil Nadu, India",
3,Ozibook Tech Solutions Private Limited,Data Analytics,,Internship (part-time),WFH (2 Month),"Jupyter Notebook, Python libraries (Matplotlib, Plotly Express, pandas, and NumPy), GitHub, Google Docs, Google Sheets, Google Drive, Notion, and Discord for day-to-day work tasks.",1000/month,Internshala,,,https://internshala.com/internship/detail/data-analytics-work-from-home-Full-time-internship-at-ozibook-tech-solutions-private-limited1705801345?referral=student_digest_active,
4,Jivichem Synthesis Private Limited,Machine Learning,,Internship (part-time),WFH (1 Month),"Data Analytics, Data Science, Deep Learning, Machine Learning, Natural Language Processing (NLP), Python Programming",12000/month,Internshala,,,Machine Learning Remote Part Time Internship at Jivichem Synthesis Private Limited,
5,Ozibook Tech Solutions Private Limited,Business Analytics,Reason (Skills not suited to me),Internship (part-time),WFH (2 Month),"Google Docs, Google Sheets, Google Drive",1000/month,Internshala,,,https://internshala.com/internship/detail/business-analytics-work-from-home-Full-time-internship-at-ozibook-tech-solutions-private-limited1705801328?referral=student_digest_active,
6,Luminos Technology,Data Analytics Executive,,Full-time,WFH ,Advanced Excel,"₹ 4,00,000 - 6,00,000",Internshala,,,Data Analytics Executive Fresher Full-time (Part time/Remote),
7,VICE ENTERPRISES,Data Analytics Manager,,Full-time,WFH,Advanced Excel,"₹ 4,00,000 - 7,00,000",Internshala,,,Data Analytics Manager Fresher Full-time (Part time/Remote),
8,VICE ENTERPRISES,Big Data Associate,,Full-time,WFH,Power Point ,"₹ 4,00,000 - 7,00,000",Internshala,,,Data Analytics Manager Fresher Full-time (Part time/Remote),
9,Azad Bharat Info Services,Big Data Executive,,Full-time,WFH,"Data Analysis, Database Testing, Data Structures","₹ 4,00,000 - 6,00,000",Internshala,,,Big Data Executive Fresher Full-time (Remote),
10,Eli Lilly and Company,Analyst - Data Analyst,R-58613,Full-time,Bangalore,"Tableau, PowerBI, Python, data wrangling, data modelling, data mining, metrics, reporting and 
visualizations.",ND,Offial Website,,,https://careers.lilly.com/us/en/Full-time/LILLUSR58613EXTERNALENUS,
11,Synopsys,Data Analyst (License Compliance),47343BR,Full-time,Noida,,ND,Offial Website,,,https://sFull-times.brassring.com/TGnewUI/Search/home/HomeWithPreLoad?Full-timeid=1999448&codes=OT&siteid=5359&partnerid=25235&PageType=Full-timeDetails#Full-timeDetails=1999448_5359,
12,Neilsen,Analyst,,Full-time,Mumbai,,ND,Offial Website,,,Nielsen - Analyst,
13,Phonepe,Analyst ,,Full-time,WFM,,ND,Offial Website,,,Full-time Application for Analyst - WFM at PhonePe,
14,HCLTech,Junior Data Analyst,HCLTFP849426,Full-time,Across India,"Python, SQL, Power BI, tableau",ND,Offial Website,,,https://merademyFull-times.com/index.php/2024/01/17/hcltech-is-hiring-for-junior-data-analyst-apply-now-2/,
15,Citi Bank,Officer Business Analytics,23699179,Full-time,bangalore,Python Hive SQL Excel,ND,Offial Website,,,Officer Business Analytics,
16,Citi Bank,Customer Remediation Business Control Analyst,23657717,Full-time,Chennai,"Computer skills: Microsoft Word, Outlook, Excel, Batch Doc Exporter and SharePoint",ND,Offial Website,,,https://Full-times.citi.com/Full-time/-/-/287/49545961696?utm_term=326266872&ss=paid&utm_campaign=APAC_Lateral&utm_medium=Full-time_posting&source=LinkedInJB&utm_source=linkedin.com&utm_content=social_media&dclid=CjkKEQiAwbitBhC907GHkeSM2a8BEiQAJTNGqHf0qrz7_6y0pGwVHSx4ZMiJJ6nr9GmJdEnbihD-MFXw_wcB,
17,LatentView,Analyst Data Science,,Full-time,Chennai,"Python, SQL, PowerBI, Tableau, cloud platforms such as AWS, Azure, GCP etc would be preferable",ND,Naukri.com,,,https://www.naukri.com/Full-time-listings-analyst-data-science-latentview-analytics-limited-chennai-0-to-4-years-230124007758?src=drecomm_apply&sid=17060671320604900&xp=12&px=1,
18,LatentView,Analyst,,Full-time,Chennai,"Python, SQL, PowerBI, Tableau, Java scripts or such tools in cloud platforms such as AWS, Azure, GCP etc would be preferable.",ND,Offial Website,Sent msg to- Somdeep Acharyya (on LinkedIn),,LatentView,
19,Deliveroo,Data Analyst,,Full-time,Hyderabad,"Tableau, Python, SQL, Excel/GSheets",ND,LinkedIn,Sent msg to- Vandit Mehta (on LinkedIn),,Full-time Application for Data Analyst at Deliveroo,
20,Augmenta Asset Manager,Junior Data Analyst,,Full-time,Mumbai,"Excel, Gsheet",ND,LinkedIn,Sent email to Full-times@augmenta.co.in,,https://www.linkedin.com/Full-times/view/3811719279/?trackingId=p915ps13QQCm2QZSCvPSXw%3D%3D&refId=ilf4oQu6TdeitjLxhatuQg%3D%3D&midToken=AQEDJxtRU3TEqw&midSig=3qAcOOR-rETH41&trk=eml-email_Full-time_applications_update_digest_01-similar_Full-times-0-similar_Full-times_Full-time_card&trkEmail=eml-email_Full-time_applications_update_digest_01-similar_Full-times-0-similar_Full-times_Full-time_card-null-b14rw0~lrqxmgz2~tn-null-null&eid=b14rw0-lrqxmgz2-tn&otpToken=MTQwMzE5ZTAxMTJlY2FjNDI0MjQwNGVkNDYxOGU3YjA4NDNDZDY0NzkxYTk4ODYxNzljMzAzNDY0ZDUzNTVmMGYzZGRkZjhhMWJkN2RiZmY3NTg0ZDBhYzAzNGE4NTM2OTAzZmU5NzZhZDU1ZWIyYTljYjg5NSwxLDE%3D,
21,V5 Global Services Private Limited,Data Analyst,,Full-time,Banglore,Data Analyst or Business Data Analyst,ND,LinkedIn,,,https://www.linkedin.com/Full-times/view/3807491573/?refId=%2FpHAoKgOR8KeXjrNj3Lihw%3D%3D&trackingId=nCsOkfAVRt2s1seZv4wLNg%3D%3D,
22,GRANICUS,Data Analyst,,Full-time,Banglore,"PowerBI, Tableau, Python , SQL, data science principles, statistical analysis and market research techniques or methodologies, ",ND,Offial Website,Process of Company (If given),,https://Full-times.lever.co/granicus/c28f0fc3-32e9-47a7-aaf8-2effe67c6774,
23,Different Hair Pvt. Ltd,Data analyst,,Full-time,Chennai,"Python, SQL, Statistics, Mathematics, Power BI",3.5 - 6LPA,LinkedIn,,,https://www.linkedin.com/Full-times/view/3809633806/?trackingId=grJwI%2FroRjOu05T31L7Few%3D%3D&refId=eyhqyTkzR1CiQQgEyC8p8w%3D%3D&midToken=AQEDJxtRU3TEqw&midSig=2JIa1ScCylUr41&trk=eml-Full-times_jymbii_digest-Full-time_card-0-Full-timecard_body&trkEmail=eml-Full-times_jymbii_digest-Full-time_card-0-Full-timecard_body-null-b14rw0~lrrm2vgh~19-null-null&eid=b14rw0-lrrm2vgh-19&otpToken=MTQwMzE5ZTAxMTJlY2FjNDI0MjQwNGVkNDYxOGU3YmQ4ZmNjZDQ0MzkxYWI4NzYxNzljMzAzNDY0ZDUzNTVmMGYzZGRkZjhhNjdmM2ZhYzA1MDgxYWJjOGIyOWZhZGQyZDRiYWE4MjQ3Nzk0ZGMyNWM2ZmE3MiwxLDE%3D,
24,NeoTech Solutions,Data Analyst,,Contract,Remote,"Python, SQL, Statistics, Mathematics, Power BI, MS Office, SAS Software",ND,LinkedIn,,,https://www.linkedin.com/Full-times/view/3809617625/?trackingId=NKAT%2BTos7d6XhWo51HNEXg%3D%3D&refId=ByteString%28length%3D16%2Cbytes%3D0b266aa6...40649bb0%29&midToken=AQEDJxtRU3TEqw&midSig=29Azw7t-2yUr41&trk=eml-email_Full-time_alert_digest_01-Full-time_card-0-Full-timecard_body&trkEmail=eml-email_Full-time_alert_digest_01-Full-time_card-0-Full-timecard_body-null-b14rw0~lrrmkdlk~qq-null-null&eid=b14rw0-lrrmkdlk-qq&otpToken=MTQwMzE5ZTAxMTJlY2FjNDI0MjQwNGVkNDYxOGU3YmQ4ZWNlZDU0OTlmYWQ4ZDYxNzljMzAzNDY0ZDUzNTVmMGYzZGRkZmE0MTZiOWNkODg2M2E2ZTNlNzk0Yzg5NTJkYzkwNWU1MjkxOTMwYjFkNzdkOGQ0OCwxLDE%3D#HYM,
25,Innometrics Solutions,Data Analyst / Data Scientist,77972,Full-time,ND,"data,sql,database,reporting,sql server,database design,design",4-5 LPA,Offial Website,,,https://app.pyjamahr.com/careers?company=Innometrics%20Solutions&Full-time_id=77972&company_uuid=530B81DE5C&source=LINKEDIN&apply_now=true,
26,Worko.ai,Data Science ,,Internship  ,WFH,"Data Analytics, Data Science, Deep Learning, Machine Learning, Natural Language Processing (NLP), NoSQL, Python, SQL",3000 + Incentive,Internshala,,,https://internshala.com/internship/detail/data-science-work-from-home-Full-time-internship-at-workoai1697186166?referral=student_digest_active,
27,IntouchCX,Junior Data Analyst,,Full-time,Hyderabad,Data Management · Visualization · Data Science · Data Analysis · Data Visualization · Data Analytics · Business Insights · Communication · Statistical Analysis · SQL Server Integration Services (SSIS) -,ND,LinkedIn,,,https://www.linkedin.com/Full-times/view/3729292176/,
28,SKF,Data Analyst,19053,Full-time,Bangalore,"Data Interpretation, Statistical Analysis, Data Visualization, Data Cleaning and Preprocessing, Excel, Tableau, Power BI, Python,  SQL",ND,Offial Website,Yet to apply (sent msg for refferal),25/01/2024 (msg sent),Data Analyst,
29,Healofy,Data Analyst,,Full-time,Bangalore,"Ad Hoc Analysis, Ad Hoc Analysis, Data Mining, Statistics Analytics, Big Data, Analytical Skills, Proficient in SQL","₹500,000/yr - ₹600,000/yr",Offial Website,,25-01-2024,https://www.expertia.ai/healofy/Full-time/hiring-data-analyst-64899d0a1441b3856211fda7?utm_source=linkedin-feed&easy_apply=true,
30,ASSA ABLOY Group,Data & Analytics Business Analyst,,Full-time,Chennai,,ND,Offial Website,,25-01-2024,https://assaabloy.Full-times2web.com/Full-time/Chennai-Data-&-Analytics-Business-Analyst-600-032/1015356001/?utm_source=LINKEDIN&utm_medium=referrer,
31,Confidential,Data Analyst,,Full-time,Bangalore,Data Analysis · Microsoft Excel · Microsoft Power BI · Python (Programming Language) · SQL · Tableau · Business Analysis · Communication · User Experience (UX) · Written Communication,ND,LinkedIn,Google form (apply form),25-01-2024,https://www.linkedin.com/Full-times/view/3810176910/?refId=27OoZAjy50qWa09wsxcb6w%3D%3D,
32,Awesome Analytics,Data Analyst,,Full-time,Remote,"Data Analysis, Data Analytics, Microsoft Power BI, VBA Excel, Data-Driven Insights, Diversity, Excel Automation, Fostering inclusivity, Microsoft Power Automate, Skill Development",ND,LinkedIn (Official website),,25-01-2024,https://www.linkedin.com/Full-times/search/?currentFull-timeId=3812892916&f_C=13346506&geoId=92000000&origin=COMPANY_PAGE_Full-timeS_CLUSTER_EXPANSION&originToLandingFull-timePostings=3812892916,
33,WebGo Software Labs,Data Analyst,,Internship,Remote,"data,data analysis,organizational skills",ND,LinkedIn,,25-01-2024,https://www.linkedin.com/Full-times/view/3814030881/?alternateChannel=search&eBP=CwEAAAGNQdCHyI9GKSOnxuJO6BTztpht-WTU57_i252UGgM36QXP3j7qUxIvje5BesEcqIWQC_CZq7RiA11d0fugeXof2bD3mpdoAMRD9M8kTSayLUh5Me58jrMXqPBJDzjJNQ_JkCq3-0mdSiAtnxM79pcftX3SSsYhIuE0K76r1eZ7SC9uMWoFFsrbxZZ5HAIJ1RjntjA1i23ApGqp8W3GEqgVwzrNtfK9T6vB6_8fweEmMG2SqRqtvzYNzNelCSc7ZPJYKBZ67Oyci-UheA_qLv--ADcYDP3d7ptOSPDPBPYDR2ky40g0z9EhKBTBTxMG53nlzsYH-YW98T4w5hJlj5MkM4pOe6h_LgPReg&refId=hgdQ7eBYi12vzqywlvG5Yw%3D%3D&trackingId=RUF7w3%2BAfmlE%2Bg28xHN8lg%3D%3D,
34,Rekruton Technologies,Data Analyst,,Full-time,India(Remote),"Analytical Skills, Dashboards, Data Analytics, Data Manipulation, Image Editing, Business Analysis, Communication, Key Metrics, Key Performance Indicators. Problem-Solving",ND,LinkedIn,,26-01-2024,https://www.linkedin.com/Full-times/view/3813707094/?trackingId=Zp4bE4nkS1%2B7U7TJp5kLQA%3D%3D&refId=%2Fwe8qxqvQx6TfB1rLHggIQ%3D%3D&midToken=AQEDJxtRU3TEqw&midSig=3KiZD4ptVyWr41&trk=eml-email_Full-times_viewed_Full-time_reminder_01-Full-time_card-0-Full-timecard_body&trkEmail=eml-email_Full-times_viewed_Full-time_reminder_01-Full-time_card-0-Full-timecard_body-null-b14rw0~lrtl9i7a~68-null-null&eid=b14rw0-lrtl9i7a-68&otpToken=MTQwMzE5ZTAxMTJlY2FjNDI0MjQwNGVkNDYxOGU1YjU4ZmNlZDY0NTlhYTc4ZTYxNzljMzAzNDY0ZDUzNTVmMGYzZGRkZmI2NTZmN2ViY2I1YjljY2I0NDgxYTEzYjVmZGYzMjZkMTZlMDBiOGI0OThiOGY3YSwxLDE%3D,
35,CloudHire,Data Analyst,,Full-time,India(Remote),Statistical Data Analysis · Visualization · Analytics · Data Mining · Data Analytics · Data Science · Data Visualization · Data Architecture · Statistical Analysis · Data Profiling,ND,LinkedIn,,26-01-2024,https://www.linkedin.com/Full-times/view/3719406614/?alternateChannel=search&refId=3XrA8fj7t0YrSIPTadgpVQ%3D%3D&trackingId=C%2Bz5tyTP4rhq5aU9V2%2Bvmg%3D%3D,
36,Insticator,Data Analyst,,Contract,Remote,"Data Analysis, Data Analytics, Data Visualization, Databases, and Spreadsheets, Attention to Detail, Communication, Google Sheets, Presentation Skills, and Presentations
",ND,Offial Website,,26-01-2024,https://insticator.bamboohr.com/careers/226,
37,Right Customer,Data Analyst,,Full-time,Remote,,ND,LinkedIn,,26-01-2024,https://www.linkedin.com/Full-times/view/3793985033/?alternateChannel=search&refId=9DQqMoPgclaTIK5iV3UV4Q%3D%3D&trackingId=mvTvSaHY38cybdOKUtzdaQ%3D%3D,
38,S&P Global,Data Analyst,293364,Full-time,Bangalore,Databases · Visualization · Mathematics · Analytics · Data Analytics · Data Science · Data Visualization · Computer Science · Problem Solving · Communication,ND,Offial Website & LinkedIn,,26-01-2024,https://careers.spglobal.com/Full-times/293364?lang=en-us&utm_source=linkedin,
39,BharatX,Data Analyst,,Full-time,Bangalore,"SQL, Python, Tableau, Power BI, Dashboards · Databases · Visualization · Data Science · Data Visualization · Data Analytics · Analytical Skills · Statistics · Communication · Problem Solving",ND,LinkedIn,,26-01-2024,https://www.linkedin.com/Full-times/view/3801784860/?trackingId=Q4LpviGIReeeKRKKfcLbsQ%3D%3D&refId=cjNfc64%2FRYif3PfFdj6WqA%3D%3D&midToken=AQEDJxtRU3TEqw&midSig=35RjpTPGuHXb41&trk=eml-Full-times_jymbii_digest-Full-time_card-0-Full-timecard_body&trkEmail=eml-Full-times_jymbii_digest-Full-time_card-0-Full-timecard_body-null-b14rw0~lrufgkpx~th-null-null&eid=b14rw0-lrufgkpx-th&otpToken=MTQwMzE5ZTAxMTJlY2FjNDI0MjQwNGVkNDYxOGU1YjI4ZmNiZDI0NTkxYTg4ZTYxNzljMzAzNDY0ZDUzNTVmMGYzZGRkZjkyNTNlMmJlZTk1MWIwYTIwNDAxM2Q3MDUzNDZmNjRjMzRmZWU4OGJjMWY1NTIyMiwxLDE%3D,
40,Tata Consultancy Services,Power BI,,Full-time,Hyderabad,"SQL, DAX",ND,LinkedIn,,26-01-2024,https://www.linkedin.com/Full-times/view/3803627770/?refId=twjc40gwSGWamjKkFuv9bw%3D%3D&trackingId=vopcANUTRcOSlRLhg%2BWA3A%3D%3D,
41,InfiHire,Data Analyst,,Full-time,Bangalore,Visualization · Data Analysis · Analytics · Data Visualization · Data Science · Data Analytics · Presentations · Predictive Analytics · Communication · Problem Solving,ND,LinkedIn,,26-01-2024,https://www.linkedin.com/Full-times/view/3798265542/?alternateChannel=search&refId=8pyXSSBY6cCiQ5QHJKQ2Kw%3D%3D&trackingId=0OYRwi0%2Bk6d%2FyhxFtNBkFQ%3D%3D,
42,McCormick & Company,Data Visualization Analyst,,Full-time,Gurugram,"Analytical Skills · Dashboards · Data Analysis · Data Analytics · Data Mining · Microsoft Power BI · Business Intelligence (BI) · SAP HANA · Scorecard · Structured Data power BI, Power Query, SQL",ND,LinkedIn,Message sent to  Sneha Kankerval on LinkedIn (and applied on LinkedIn),27-01-2024,https://www.linkedin.com/Full-times/view/3808283509/?alternateChannel=search&refId=wpywOHT25n2xtI7CCrSQoQ%3D%3D&trackingId=8vFYghWevSTOi65fxoXPgg%3D%3D,
43,Trafigura,Analyst - Information Analytics,,Full-time,Mumbai,"Python, Tableau, SQL databases",ND,Naukri.com,,27-01-2024,https://www.naukri.com/job-listings-250124009021,
44,Eduvanz,Business Analyst - SQL Specialist,,Full-time,Mumbai,"SQL Queries, SQL DatabaseSQL",5-10 Lacs P.A.,Naukri.com,,27-01-2024,https://www.naukri.com/job-listings-business-analyst-sql-specialist-eduvanz-mumbai-maharashtra-mumbai-suburban-maharashtra-mumbai-all-areas-0-to-2-years-250124010637?src=simJobDeskACP&sid=17063303356407053&xp=1&px=1,
45,Creative Hands HR,Data Analytic | Business Analytics,,Full-time,"Kolkata, Mumbai, Hyderabad/Secunderabad, Ranchi, Jharkhand, Chennai, Bangalore",Business Analytics Data Analysis Data Analytics excel Analytical Skills freshers MIS Data Analyst,4.5-6 Lacs P.A.,Naukri.com,,27-01-2024,https://www.naukri.com/job-listings-data-analytic-fresher-business-analytics-creative-hands-hr-kolkata-mumbai-maharashtra-hyderabad-secunderabad-ranchi-jharkhand-chennai-bangalore-bengaluru-0-to-4-years-020124003015?src=simJobDeskACP&sid=17063303356407053&xp=10&px=1,
46,Codenera,Data Analyst Trainee,,Full-time,Pune,"Python, SQL Development, Data Management, Data Analysis, SQL Database, Data Mining, Data Extraction, Python Development, Data Analytics, SQL, DBA",3-6 Lacs P.A.,Naukri.com,,27-01-2024,https://www.naukri.com/job-listings-data-analyst-trainee-codenera-pune-maharashtra-0-to-2-years-090124006987?src=simJobDeskACP&sid=17063309374762055&xp=1&px=1,
47,Sukarma Technologies,AI - Data Analytics - Text Analytics - Chatbot,,Full-time,WFH,"Text analysis,Advanced Excel,Chat Bot",4-9 Lacs P.A.,Naukri.com,,27-01-2024,https://www.naukri.com/job-listings-ai-data-analytics-text-analytics-chatbot-urgent-work-from-home-sukarma-technologies-delhi-ncr-0-to-5-years-040124010354?src=simJobDeskACP&sid=17063309374762055&xp=6&px=1,
48,JLL,Data Analyst,REQ336572,Full-time,Mumbai,"MS Office (WORD, PPTX, EXCEL), Data Visualization by day, week, quarter...",ND,Official Website,,27-01-2024,https://jll.wd1.myworkdayjobs.com/jllcareers/job/Mumbai-MH/Data-Analyst_REQ336572?source=APPLICANT_SOURCE-6-42,
49,Wipro,Data Analyst,,Full-time,Pune,Visualization · SQL · Data Analytics · Data Visualization · Data Science · Analytics · RDBMS · PySpark · Written Communication · Communication,ND,LinkedIn,,27-01-2024,https://www.linkedin.com/jobs/view/3803630773/?alternateChannel=search&refId=UNBqzrpuqy1mEFr6MWZVKQ%3D%3D&trackingId=MsxBe79BiA0QOPRaYtiHqQ%3D%3D,
50,Pianalytix Edutech Private Limted,Microsoft Power BI,,Internship (Part-time),WFH,"Business Analysis, Data Analysis, Data Analytics, Power BI","₹ 20,000 /month",Internshala,,27-01-2024,https://internshala.com/internship/detail/work-from-home-part-time-microsoft-power-bi-internship-at-pianalytix-edutech-private-limted1706258628,
51,YTViews Digital Media Private Limited,Artificial Intelligence (AI),,Internship (Part-time),WFH,"Data Science, Deep Learning, Machine Learning, Natural Language Processing (NLP), Neural Networks, Python","₹ 24,000 /month",Internshala,,27-01-2024,https://internshala.com/internship/detail/work-from-home-part-time-artificial-intelligence-ai-internship-at-ytviews-digital-media-private-limited1706257533,
52,Deloitt,Data Visualization/Tableau Developer,170683,Full-time,Hyderabad/Bangalore,"DevOps principals such as Continuous Integration/Continuous Delivery, Azure DevOps, Tableau,",ND,Official Website,,27-01-2024,Data Visualization/Tableau Developer - - 170683,
53,Tata Technologies,ALM Users - Data Mining,,Full-time (3 Month),Bangalore/Pune,,ND,Official Website,Mail Sent to shital.jakkulwar@tatatechnologies.com,27-01-2024,https://tatatechnologies.ripplehire.com/candidate/?token=jjZIWXgr7fPCCF6T5yk4&source=CAREERSITE#detail/job/536373,
54,Innovaccer Inc.,Intern - Data Operations,,Full-time,Noida,"advanced MS Excel, PowerBI, Tableau, Word, PowerPoint, etc",ND,LinkedIN--> Website,,28-01-2024,https://boards.greenhouse.io/innovaccer/jobs/7036996002,
55,Sybex Support Services,Data Governance Analyst,,Contract,Remote (India),Analytical Skills · Data Analysis · Data Analytics · Data Mining · Mathematics · SQL · Statistics · Ad Hoc Analysis · Big Data · Data Governance,ND,LinkedIn,,29-01-2024,https://www.linkedin.com/jobs/view/3813000956/?refId=fe63936e-2e04-4d56-992a-dd84affe5ce6&trackingId=r7au76PXTuq8rPh8DJFsmg%3D%3D,
56,Lennox India Technology Centre,Senior Analyst -Labview Development,,Full-time,Chennai,"MATLAB, Simulink, HIL, NI LabVIEW",ND,LinkedIn,,29-01-2024,https://www.linkedin.com/jobs/view/3795818865/?refId=91b3bc0e-8dba-4057-834c-b71bd07e7422&trackingId=X9F8blhRSsyxSp919q%2FDHQ%3D%3D,
57,Inspire,Tech Data Analyst,T500-9791,Full-time,Hyderabad,"Data Analysis, Extract, Transform, Load (ETL)",ND,LinkedIn,,29-01-2024,https://www.linkedin.com/jobs/view/3815325825/?refId=91b3bc0e-8dba-4057-834c-b71bd07e7422&trackingId=7YrAE3CtR5mwIV0SQiH2gg%3D%3D&trk=flagship3_job_home_savedjobs,
58,Innometrics Solutions,Data Analyst (Fresher Trainee),,Full-time,Remote,"Solid knowledge of website analytics tools (e.g., Google Analytics, Web Trends),  data, analytics, management, python, SQL, power bi","₹400,000/yr - ₹500,000/yr",LinkedIN--> Website,,29-01-2024,https://www.linkedin.com/jobs/view/3812609139/?refId=91b3bc0e-8dba-4057-834c-b71bd07e7422&trackingId=xOvhY9bRQq2RLJm3B0eY0w%3D%3D&trk=flagship3_job_home_savedjobs,
59,Siemens Healthineers,Data Visualization & Business Intelligence Specialist,404268,10 months Contract,Bangalore,"Data Visualization · Databases · Data Engineering · Analytical Skills · Data Analytics · Analytics · Data Science · Big Data · Extract, Transform, Load (ETL) · Data Modeling",ND,LinkedIN--> Website,,29-01-2024,https://jobs.siemens-healthineers.com/careers/job/563156118152798?hl=en&sourceType=PREMIUM_POST_SITE&domain=siemens.com&microsite=siemens-healthineers,https://www.linkedin.com/jobs/view/3812712868/?refId=91b3bc0e-8dba-4057-834c-b71bd07e7422&trackingId=vWFGe2RlQ2KtiuroOCQgxA%3D%3D&trk=flagship3_job_home_savedjobs
60,Wrike,Customer Support Data Analyst,,1 Year (Contract),Bengaluru,"knowledge of SQL, databases (we use Google BigQuery) and statistics basics, Knowledge of BI tools, Strong analytical and problem-solving skills, Experience with Python",ND,LinkedIN--> Website,,29-01-2024,https://boards.greenhouse.io/wrike/jobs/4349032005?gh_src=d39591f15us&source=LinkedIn,
61,Wipro,Data Engineer,3049365,Full-Time,Bengaluru,"Apache Spark, Data Analytics, Data Engineering, Data Science, and Databases, Attention to Detail, Communication, Data Warehousing, Extract, Transform, Load (ETL), and Problem Solving",ND,LinkedIN--> Website,,29-01-2024,https://careers.wipro.com/careers-home/jobs/3049365?mode=job&iis=Social%2BMedia&iisn=Linkedin&lang=en-us&utm_source=Linkedin,https://www.linkedin.com/jobs/view/3811012064/?refId=91b3bc0e-8dba-4057-834c-b71bd07e7422&trackingId=wtFDS4GYQdSc88xlUPefuw%3D%3D&trk=flagship3_job_home_savedjobs#HYM
62, Softsensor.ai ,Data Scientist,,Full-Time,WFH,"Data Analytics, Data Science, Machine Learning, Python, SQL","₹ 5,00,000 - 7,00,000",Internshala,,18-01-2024,Data Scientist Job (Remote),
63,Siemens Healthcare Private Limited,Software Developer,399036,Full-time,Bengaluru,"Python, OOPS programming skills, C++",ND,Website,,30-01-2024,https://jobs.siemens.com/careerhub/explore/jobs/563156118128924,
64,Square Yards,Data Analyst,,Full-time,Gurugram,"Mathematics, Ad Hoc Analysis, Data Mining, Statistics, Analytics, Big Data, Analytical Skills","₹400,000/yr - ₹600,000/yr",Website,,30-01-2024,https://www.expertia.ai/squareyards-co-in/job/hiring-data-analyst-643e6c0c3ff35309116dd41c?utm_source=linkedin-feed&easy_apply=true,
65,Agrim Wholesale,Business Analyst,,Full-time,Gurugram,"Business Analytics,Advanced Excel,SQL,Data Insighting",ND,Naukri.com,,30-01-2024,https://www.naukri.com/mnjuser/inbox,
66,Super Consultancy,Data Analyst,,Full-time,Noida,"Python, SQL, ML and data analysis techniques,  Power BI and Excel, Microsoft Office tools",0 - 9 Lacs pa,Naukri.com,,24-01-2024,https://www.naukri.com/mnjuser/inbox,
67,Prodigy Recruitment Consultants,Data Scientist,,Full-time,Chennai,"Data Science, Data Scientist, Statistical Modeling, Predictive Modeling, Data Mining, Regression Modeling, Statistics, R, Mechine Learning, data analysis using SQL, regression Classification, Data Visualization, Data Analytics, Predictive Analytics, Python, ML",ND,Naukri.com,,31-01-2024,https://www.naukri.com/job-listings-data-scientist-chennai-prodigy-recruitment-consultants-chennai-tamil-nadu-0-to-5-years-280124000025?src=drecomm_apply&sid=17066846421798098&xp=1&px=1,
68,Morningstar,Junior Analyst,,Full-time,Navi Mumbai,"Administration, Visual Basic, Excel, Regulatory reporting, Analytical, Workflow, Manager Quality Control, SQL, Data extraction, Python",ND,Naukri.com,,31-01-2024,https://www.naukri.com/job-listings-junior-analyst-morningstar-india-p-ltd-mumbai-0-to-3-years-230124502072?src=simJobDeskACP&sid=17066850101741213&xp=7&px=1,
69,Analytics Jobs,Data Science Engineer,,Full-time,Remote (Bangalore office),"Artificial Intelligence, machine learning, data science, Data Analytics, Python, Tensorflow, Automation, Natural Language Processing, HTML, HTTP, Deep Learning, apache, computer vision
",8-18 Lacs P.A.,Naukri.com,,31-01-2024,,
70,Wrtr Ink Llp,Junior Data Scientist,,,Remote (Bengaluru office),Data Science analytical Pandas NumPy Statistics Machine Learning Deep Learning Scikit-Learn Python,4.75-8 Lacs P.A.,Naukri.com,,01-02-2024,https://www.naukri.com/job-listings-030923002456,
71,Coursry,Data Analyst,,Full-time,Noida,Analytical Skills · Analytics · Data Analysis · Data Analytics · Data Mining · Mathematics · SQL · Statistics · Ad Hoc Analysis · Big Data,ND,LinkedIn,,01-02-2024,https://www.linkedin.com/jobs/view/3813617582/?trackingId=%2FAWub3flTQWSDnJ%2BqKUBlw%3D%3D&refId=Z1BB2A8ETom2j1Lgdvtlog%3D%3D&midToken=AQEDJxtRU3TEqw&midSig=3XNPhCluzG2b81&trk=eml-jobs_jymbii_digest-job_card-0-jobcard_body&trkEmail=eml-jobs_jymbii_digest-job_card-0-jobcard_body-null-b14rw0~ls1lrpjc~ij-null-null&eid=b14rw0-ls1lrpjc-ij&otpToken=MTQwMzE5ZTAxMTJlY2FjNDI0MjQwNGVkNDYxOGUxYmQ4YmNkZDg0MzkxYTk4YjYxNzljMzAzNDY0ZDUzNTVmMGYzZGRkZmUyMWFkNWRlZTE1OGIzYWNDYmU0M2E0ODZiNWZiMTFlMTM3MzZmMjA4ODQ1MWY3MCwxLDE%3D,
72,Turing,Data Analyst,,Internship,Remote,English · Analytical Skills · Datasets · Jupyter · Python (Programming Language) · Databases · Data Analysis · Data Analytics · Data Science · Communication,25k/m,LinkedIn (Call-Mail),,01-02-2024,https://www.linkedin.com/jobs/view/3808869213/?alternateChannel=search&refId=R541lKzCC4%2FXb2RH9SIZyA%3D%3D&trackingId=2%2BuU6q8IBUPHcIvWa11mnw%3D%3D,
73,Rotork,Data Analyst,,Full-time,Chennai,"Data Analytics, Data Cleaning, Data Visualization, Databases, Communication, Creative Problem Solving, Data Architecture. Data Profiling, Problem-Solving. Stored Procedures",ND,LinkedIn,Process of Company (If given),01-02-2024,https://www.linkedin.com/jobs/view/3801878997/?refId=jT6QbcIcRmahWFppG8Oc%2Fw%3D%3D&trackingId=%2BhbE4LYZSmyVtDYb8sqHPg%3D%3D,
74,Novo,Data Analyst,,Full-time,Gurugram,Data Analysis · Python (Programming Language) · SQL,ND,LinkedIn,,01-02-2024,https://www.linkedin.com/jobs/view/3814388987/?trackingId=O6mYyBd1TBKVI%2FGk8hxXbA%3D%3D&refId=SxcBUROES8idAkAwtDbIXQ%3D%3D&midToken=AQEDJxtRU3TEqw&midSig=3XNPhCluzG2b81&trk=eml-jobs_jymbii_digest-job_card-0-jobcard_body&trkEmail=eml-jobs_jymbii_digest-job_card-0-jobcard_body-null-b14rw0~ls1lrpjc~ij-null-null&eid=b14rw0-ls1lrpjc-ij&otpToken=MTQwMzE5ZTAxMTJlY2FjNDI0MjQwNGVkNDYxOGUxYmQ4YmNkZDg0MzkxYTk4YjYxNzljMzAzNDY0ZDUzNTVmMGYzZGRkZmUyMWFkNWRlZTE1OGIzYWNDYmU0M2E0ODZiNWZiMTFlMTM3MzZmMjA4ODQ1MWY3MCwxLDE%3D,
75,Air India Express,Data Scientist,2816,Full-time,Gurugram,Analytics · Statistical Data Analysis · Statistics · Data Engineering · Data Visualization · Deep Learning · Data Analytics · Predictive Analytics · Natural Language Processing (NLP) · Cascading Style Sheets (CSS),ND,,,01-02-2024,https://fa-eron-saasfaprod1.fa.ocs.oraclecloud.com/hcmUI/CandidateExperience/en/sites/CX_2001/job/2816/?_ga=2.19367608.1640123447.1695995853-1519609838.1694519951&_gl=1*s5u8a1*_gcl_au*MjAxOTgwNjgxOS4xNjk0NTE5OTUx*_ga*MTUxOTYwOTgzOC4xNjk0NTE5OTUx*_ga_GMMG1HYTVG*MTY5NTk5NTg1Mi4xMzUuMS4xNjk1OTk1ODY4LjQ0LjAuMA..*_ga_KJWBC0BP9P*MTY5NTk5NTg1Mi40NS4xLjE2OTU5OTU4NjguNDQuMC4w&mode=location,
76,ZOHO,Software Developer,,Full-time,ND,"C, C++ & Java",ND,Official website,,01-02-2024,https://careers.zohocorp.com/forms/fcc89b5ebd373d598e0224d10f2199d1a8839a1914d1ba3a141e0b0ddcfcfc32,
77,LatentView,Analyst Data Science,,Full-time,Chennai,"Python, SQL, PowerBI, Tableau, cloud platforms such as AWS, Azure, GCP etc would be preferable",ND,Naukri.com,,03-02-2024,https://www.naukri.com/job-listings-020224009050,
78,Innovaccer,Customer Data Operation - II,,Full-time,Noida,"Health insurance, Application support, Skill development, Healthcare power bi Subject Matter Expert Analytics SQL Python",ND,Naukri.com,,03-02-2024,https://www.naukri.com/job-listings-080124500494,
79,RapiPay Fintech,Business Analyst,,Full-time,Noida,Business Analysis Change Management Risk Assessment Impact Analysis Data Analysis Process Modeling Data Modeling Quality Assurance,ND,Naukri.com,,03-02-2024,https://www.naukri.com/job-listings-180124910822,
80,Silverline Prestige School Part Of Silverline Educ Silverline Education Trust,Data Analyst,,,"Ghaziabad,Uttar Pradesh, Delhi / NCR","Power Bi, Data Analysis, Tableau, SQL, Python, GCP, Data Visualization, Looker, Web Development",ND,Naukri.com,,03-02-2024,https://www.naukri.com/job-listings-150124002278,
81,Avaari,Artificial Intelligence (AI),,Internship with Job offer (1 Month),Chennai,"Deep Learning, Machine Learning, Natural Language Processing (NLP), Python","₹ 25,000 /month",Internshala,,03-02-2024,https://internshala.com/internship/detail/artificial-intelligence-ai-part-time-job-internship-at-multiple-locations-in-avaari1705675076,
82,Jambudweep Shodh Kendra,Data Analytics,,Internship  with Job offer(2 Month),WFH,"Data Analysis, Data Analytics, Data Science, MS-Excel , MS-PowerPoint, NoSQL, Power BI, Python, R Programming, SQL, Tableau","₹ 4,000-15,000 /month",Internshala,,03-02-2024,https://internshala.com/internship/detail/work-from-home-part-time-data-analytics-internship-at-jambudweep-shodh-kendra1706902404,
83,Reach Technologies,Data Science,,Internship (3 Months),WFH,Data Analytics,"₹ 10,000 /month",Internshala,,03-02-2024,https://internshala.com/internship/detail/work-from-home-part-time-data-science-internship-at-reach-technologies1706509023,
84,MentorBoxx,Data Science,,Internship (1 Months),WFH,"Data Analytics, Data Science, Python, SQL","₹ 18,000 /month",Internshala,,03-02-2024,https://internshala.com/internship/detail/work-from-home-part-time-data-science-internship-at-mentorboxx1706167610,
85,Pianalytix Edutech Private Limted,Data Science,,Internship (3 Months),WFH,"Data Science, Machine Learning, Python","₹ 8,000 /month",Internshala,,03-02-2024,https://internshala.com/internship/detail/data-science-work-from-home-job-internship-at-pianalytix-edutech-private-limted1706022100,
86,Buddha Education Association Incorporation,Machine Learning,,Internship (2 Months),,"Data Analytics, Data Science, Deep Learning, Machine Learning, Natural Language Processing (NLP), Python, R Programming","₹ 25,000 /month",Internshala,,03-02-2024,https://internshala.com/internship/detail/part-time-machine-learning-internship-in-multiple-locations-at-buddha-education-association-incorporation1706953847,
87,Buddha Education Association Incorporation,Artificial Intelligence (AI),,Internship (1 Months),,"Data Structures, Natural Language Processing (NLP), Python","₹ 25,000 /month",Internshala,,03-02-2024,https://internshala.com/internship/detail/artificial-intelligence-ai-internship-in-multiple-locations-at-buddha-education-association-incorporation1706953784,
88,Benovymed Healthcare,Principal Data Scientist/Senior Data Scientist/Data Scientist - NLP/ML,,Full-time,"Noida, Gurgaon, Delhi / NCR","Machine Learning, Data Science, Tensorflow, NLP, Data Scientist, Artificial Intelligence, Data Modeling, Numpy, Deep Learning, Python",ND,Naukri.com,,03-02-2024,https://www.naukri.com/job-listings-250124908100,
89,ExpertXai Technologies,Data Analytics / Analyst,Job ID: 79750,Full-time,Remote,"data, data analysis, data visualization, visualization, datasets, interpreting, skills, python, SQL","₹400,000/yr - ₹500,000/yr",LinkedIn,,03-02-2024,https://www.linkedin.com/jobs/view/3821338556/?alternateChannel=search&refId=S09SOPjRhl4QP%2FKUOxTvxA%3D%3D&trackingId=lsn8col85SR3ax%2FzIkDMLQ%3D%3D,
90,Talent Disruptors,Data Analyst,,Full-time,Remote,"Google Data Studio, BigQuery, and Power BI, ",ND,LinkedIn,,03-02-2024,https://www.linkedin.com/jobs/view/3821314456/?alternateChannel=search&refId=S09SOPjRhl4QP%2FKUOxTvxA%3D%3D&trackingId=iMuImYqbOhpXD5U%2FAQwY4A%3D%3D,
91,Innometrics Solutions,Junior Data Analyst (Python/SQL),Job ID: 79729,Full-time,Remote,"data, analytics, data analytics, skills, google, python, sql, articulate, business requirements","₹400,000/yr - ₹500,000/yr",LinkedIn,,03-02-2024,https://www.linkedin.com/jobs/view/3821306785/?alternateChannel=search&refId=S09SOPjRhl4QP%2FKUOxTvxA%3D%3D&trackingId=Hfyxye8P5kkiCXrKEsg8KQ%3D%3D,
92,Innometrics Solutions,Data Analyst / Analytics,Job ID: 79732,Full-time,Remote,"Primary Skill: Data Analysis, SQL, Tableau, Looker, Python and ML","₹400,000/yr - ₹500,000/yr",LinkedIn,,03-02-2024,https://www.linkedin.com/jobs/view/3821304743/?alternateChannel=search&refId=S09SOPjRhl4QP%2FKUOxTvxA%3D%3D&trackingId=aEX6Rr5PUFuErSk9XStb9A%3D%3D,
93,PERSOLKELLY,Data Analyst,,Full-time,Bangalore,,ND,LinkedIn,,03-02-2024,https://www.linkedin.com/jobs/view/3821251985/?alternateChannel=search&refId=S09SOPjRhl4QP%2FKUOxTvxA%3D%3D&trackingId=aDM6z%2FVcrQWLBZ3tXMkc9A%3D%3D,
94,Axtria,Analyst,100 opening,Full-time,"Pune, Noida, Hyderabad (hybrid)",analytics Java Excel data science SQL Python,ND,Naukri.com,,04-02-2024,https://www.naukri.com/job-listings-310124910617,
95,JioSaavn,Data Analyst,,Full-time,"Navi Mumbai, Maharashtra, Mumbai (All Areas)","R, Python, SQL",ND,Naukri.com,,04-02-2024,https://www.naukri.com/job-listings-010224008802,
96,Silver Eng,Data Analyst,,,"Mumbai, Pune",Data Science Data Analysis Data Analyst Testing,ND,Naukri.com,,04-02-2024,https://www.naukri.com/job-listings-020224904962,
97,17live,Serial Plotter - Technical Data Analyst,,,Noida ,"Statistics/ML, Statistics, Probability, or Information Retrieval,  Python (R is a plus), Relational databases, SQL, Pandas, Numpy, Sklearn, Matplotlib, Seaborn, data manipulation.",7-9 Lacs P.A.,Naukri.com,,04-02-2024,https://www.naukri.com/job-listings-010224009342,
98,Bombay Play,Data Analyst,,,Bangalore,"C++, Analytical Machine learning.  Javascript, Data Analyst, Open source, Statistics Analytics SQL Python",ND,Naukri.com,,04-02-2024,https://www.naukri.com/job-listings-020224501624,
99,Findem,Researcher - Data Operations Intern,,Internship (6 Months),Remote,"Excel, Machine learning, Analytics",₹10000/month,Naukri.com,,04-02-2024,https://www.naukri.com/job-listings-100124501004,
100,iTech,Machine Learning,ITECH0235,Internship ,Chennai,"Machine Learning fundamentals and algorithms, Python, and familiarity with ML libraries like TensorFlow or PyTorch is a plus.",ND,Official website,,04-02-2024,https://itech.keka.com/careers/jobdetails/53468?utm_source=Machine_Learning_Internship_unstop&utm_medium=listing&utm_campaign=unstop,
101,Arcadis,Graduate Data Analyst,19819,Full-Time,Bangalore,"Proficient in RDBMS - SQL, Build mathematical models in Python, Power BI",ND,Official website,,04-02-2024,https://careers.arcadis.com/job/ARCAGLOBAL19819ORCEXTERNALENGLOBAL/Graduate-Data-Analyst?utm_medium=career%2Bsite&utm_source=external%2Bcareer%2Bsite,
102,Amazon,Data Analyst,2547347,Full-Time,Bangalore,"SQL skills, Microsoft Excel, SQL/Python/R, scripting, MS Excel, table joins, and aggregate analytical functions",ND,Official website,,05-02-2024,https://www.amazon.jobs/en-gb/jobs/2547347/data-analyst,
103,Arich InfoTech,Train & Hire,,Full-Time,"Bangalore/Bengaluru, Pune, Tamil Nadu","BE/BTech,ME/MTech,MCA,MSc - All Stream 2021,2022,2024 Fresher’s- Train & Hire Off Campus Drive of A Leading I.T.MNC","INR 4,01,986 PA",Naukri.com,,05-02-2024,https://www.naukri.com/mnjuser/inbox,
104,WinZO,Data Analyst,,Full-Time,Remote,"Analytical Skills, Business Insights, Dashboards, Data Analysis, Data Analytics, Communication, Data Acquisition, Forecasting, New Business Opportunities, Tech Savy",ND,LinkedIn,,05-02-2024,https://www.linkedin.com/jobs/view/3815718633/?refId=55fbf818-af60-4c72-808f-57a72d838941&trackingId=Iadz6UT0QlqGImoIz1%2BIdw%3D%3D&trk=flagship3_job_home_savedjobs,
105,RazorPay,Analytics Specialist,,Full-Time,Bengaluru,Apply karna hai (asked for referral),,,,05-02-2024,https://www.linkedin.com/jobs/view/3822752810,
106,Aris Infra,Data Analyst,,Full-Time,Bengaluru,"Analytical Skills, Analytics , Data Analysis, Data Analytics, Data Mining, Mathematics, SQL, Statistics, Ad Hoc Analysis, Big Data",ND,LinkedIn,,05-02-2024,https://www.linkedin.com/jobs/view/3820204711,
107,Clue (Global),Data Analyst,,Full-Time,Remote,"Data Analysis, Data Visualization, Python (Programming Language), SQL, Statistics, Problem Solving",ND,Official website,,05-02-2024,https://secure.collage.co/jobs/clue/42963,
108,NextGen Technologies ·,Data Science Intern,,Internship (02 Months),Remote,,₹8000 - ₹10000 /month,Official website,Process of Company (If given),05-02-2024,https://jobs.gohire.io/letsintern-ntkind0s/data-science-intern-159188/,
109,Jar,Data Analyst,,Full-Time,Bengaluru,Data Analysis · Data Analytics · NumPy · Pandas (Software) · Python (Programming Language) · Tableau · VBA Excel · Amplitude Analytics · Reporting,ND,LinkedIn,,06-02-2024,https://www.linkedin.com/jobs/view/3815685498,
110,ConcertAI,Data Analyst,P-100158,Full-Time,Bengaluru,,ND,Official website,,06-02-2024,https://careers.concertai.com/us/en/job/COQCONUSP100158EXTERNALENUS/Data-Analyst?utm_source=linkedin&utm_medium=phenom-feeds,
111,Chubb,Data Analyst,,Full-Time,,Beautiful Soup · Python (Programming Language) · Selenium (Web scrapping),ND,LinkedIn,,06-02-2024,https://www.linkedin.com/jobs/view/3814256560,
112,WPP,Data Analyst,,Full-Time,Mumbai,"Data Visualization · Data Science · Analytics · Data Analytics · Analytical Skills · Extract, Transform, Load (ETL) · Attention to Detail · Technical Documentation · Problem Solving · Ad Hoc Analysis",ND,LinkedIn,,06-02-2024,https://boards.greenhouse.io/wpp/jobs/7055244002?gh_src=c778a4492us,https://www.linkedin.com/jobs/view/3788137565
113,Ivalua,Data Analyst,,Full-Time,Pune,"Excel, and Google Sheets for data analysis, reporting and dashboard, Google Suite, ",ND,Official website,,06-02-2024,https://boards.greenhouse.io/ivalua/jobs/5671745?gh_jid=5671745,https://www.linkedin.com/jobs/view/3822461385/
114,TCS,Python Developer,,Full-Time,,"Python (Django, Flask), Numpy",ND,LinkedIn,,13-01-2024,https://www.linkedin.com/jobs/view/3788969881,
115,Creditsafe Technology,Junior Data Analyst,,Full-Time,Hyderabad,"Data Analysis · SQL · SQL Server Integration Services (SSIS) · Visual Basic for Applications (VBA),  No SQL, Java, Python ",ND,LinkedIn,,08-02-2024,https://www.linkedin.com/jobs/view/3822756542,
116,EstateDekho ·,Data Analyst,,Full-Time,Hyderabad,"
Data Analysis, Microsoft Power BI, Quantitative Research, and SQL, Business Analysis, Business Development, Business Strategy, Data Research, Stakeholder Engagement, and Strategic Plann",ND,LinkedIn,,08-02-2024,https://www.linkedin.com/jobs/view/3702289603,
117,World Compliance Technologies,Data Analyst,,Full-Time,Gurugram,Analytical Skills · Data Analysis · Data Analytics · Data Mining · Python (Programming Language) · SQL · Research Skills,ND,LinkedIn,,08-02-2024,https://www.linkedin.com/jobs/view/3824014562,
118,V5 Global Services Private Limited,Data Analyst,,Full-Time,Bengaluru,"Data Analysis, Data Analytics, Data Science, SQL, and VBA Excel ,Attention to Detail, Data Modeling, Data Models, Design Development, and Skill Development",ND,LinkedIn,,08-02-2024,https://www.linkedin.com/jobs/view/3819925617,
119,GreedyGame,Data Analyst,,Full-Time,Bengaluru,"Analytical Skills, Business Analytics, Data Analysis, Data Visualization, and SQL, Ad Tech, Analytic Problem Solving, Critical Thinking, Google BigQuery, and Logical Approach",ND,LinkedIn,,08-02-2024,https://www.linkedin.com/jobs/view/3817868186,
120,Radix,Data Analyst,,Full-Time,Mumbai,"SQL, Python, R, or Tableau. data cleaning, transformation, and analysis. data analysis and visualization",ND,Website/LinkedIn,,09-02-2024,https://jobs.lever.co/directi/2d127227-b090-4a76-a7e0-4b2ef79a37f5?source=6,https://www.linkedin.com/jobs/view/3707208756
121,Elite Met Solutions,Junior Data Analyst (Python/Power BI),80534,Full-Time,Remote,"Data Analysis, Data Analytics, Microsoft Applications, and Microsoft Power BI, Abstracting, Acceptance Testing, Monitoring Performance, Requirements Analysis, Thinking Skills, and Workload Prioritizati","₹400,000/yr - ₹500,000/yr",Website/LinkedIn,,09-02-2024,,https://www.linkedin.com/jobs/view/3824537468
122,ZS Associates,Decision Analytics Associate,,Full-Time,Pune,,ND,Naukri.com Invitation,,09-02-2024,,
123,O1Labs.ai,Data Analyst (Python),,Full-Time,Bengaluru,Data Science · Machine Learning · Microsoft Excel · Pandas (Software) · Predictive Modeling · Python (Programming Language) · SQL · Big Data · Large Language Models (LLM) · Learning,ND,LinkedIn,,11-02-2024,https://www.linkedin.com/jobs/view/3826995318,
124,Leadenhall Analytics,Data Analyst,,Full-Time,Remote,Analytical Skills · Data Analysis · Data Analytics · Data Science · Microsoft Power BI · SQL · Reporting & Analysis,ND,LinkedIn,Assessment Pending,11-02-2024,https://www.linkedin.com/jobs/view/3827335662,
125,BayOne Solutions,Business/Data Analyst,,Contract (12 month),Remote,"SQL, Tableau, Excel, including pivot tables, formulas, and data visualization techniques.",ND,LinkedIn,,11-02-2024,https://www.linkedin.com/jobs/view/3822654900,
126,Innometrics Solutions,Data Analyst,,Full-Time,Remote,"data,skills,sql,robotics,tableau,basic,communication,communication skills,dashboard","₹400,000/yr - ₹500,000/yr",LinkedIn,,11-02-2024,https://www.linkedin.com/jobs/view/3827582314,
127,MedTourEasy,Data Analytics Trainee,,Internship,Remote,"Analytics, Data Analytics, and Project Management, Communication, Defining Requirements, Easily Adaptable, Learning, Presentations, Programmes, and Reporting
",ND,LinkedIn,,11-02-2024,https://www.linkedin.com/jobs/view/3822674999,
128,Technofactorx AI,Data Analyst (Fresher / Python/SQL Expert),,Full-Time,Remote,,"₹400,000/yr - ₹500,000/yr",LinkedIn,,11-02-2024,https://www.linkedin.com/jobs/view/3827579926,
129,Tree Top Staffing LLC,Data Analyst,,Full-Time,Remote,Analytics · Data Analysis · Data Analytics · KPI Dashboards · Microsoft Excel · Pivot Tables · Python (Programming Language) · IBM SPSS · Linear Regression · Time Management,ND,LinkedIn,,11-02-2024,https://www.linkedin.com/jobs/view/3827575834,
130,AKS ProTalent,Data Analyst,,Full-Time,Remote,"Business Analytics, Data Analysis, Data Analytics, Data Science, and Statistical Data Analysis, Big Data Analytics, Business Analysis, Financial Analysis, HR Analytics, and Quality Analysis",ND,LinkedIn,GForm ,11-02-2024,https://www.linkedin.com/jobs/view/3822602509,
131,OneBanc,Data Scientist,,Full-Time,Gurugram,"Knowledge of SAS, ETL, Data Processing
Skilled in ML/AI Models, Statistics, Python
Awareness of Data Analysis, Algorithm Design
",ND,LinkedIn,,11-02-2024,https://www.linkedin.com/jobs/view/3822670061,
132,ANAXT SYSTEM,Data Analyst Data Science -Engineer,,Full-Time,WFH (Pune),"Email ID: anaxturia1@gmail.com, Contact: +91 7249537542, Timing: 10 AM to 5PM",ND,Website ,Mail,12-02-2024,https://www.anaxt.co.in/services.html,
133,Viney Ji Enterprises,Data analyst,,Part-Time,WFH (Pune),,"16,000 - 21,400
 per month",Apna.com,,12-02-2024,https://apna.co/job/nashik/data-analyst-877110802?search=true,
134,Cadila Pharmaceuticals Ltd,Data analyst,,Full-Time,Hyderabad,"Power BI, MySQL, SPSS, Data analytics, Data management, Data visualisation, Programming languages","55,000 - 75,000 per month",Apna.com,,12-02-2024,https://apna.co/job/hyderabad/data-analyst-989841931?search=true,
135,24X7 Easy Recruitz,Data analyst,,Full-Time,Chennai,,"15,000 - 85,000 per month",Apna.com,,12-02-2024,https://apna.co/job/chennai/data-analyst-413986200?search=true,
136,ProMobi Technologies,Data analyst,,Full-Time,Pune,Analytical Skills · Analytics · Data Analysis · Data Analytics · Data Mining · Mathematics · SQL · Statistics · Ad Hoc Analysis · Big Data,ND,LinkedIn,,12-02-2024,https://www.linkedin.com/jobs/view/3827686570,
137,OneOrigin,Data analyst,,Full-Time,Bengaluru,Analytical Skills · Analytics · Data Analysis · Data Analytics · Data Mining · Mathematics · SQL · Statistics · Ad Hoc Analysis · Big Data,ND,LinkedIn,,12-02-2024,https://www.linkedin.com/jobs/view/3823726572,
138,Smollan India Private Limited,Business Analytics,,Internship (4 months),Remote,"Data Analytics, English Proficiency (Spoken), MS-Excel, MS-PowerPoint, Research and Analytics","₹ 15,000 /month",Internshala,,12-02-2024,https://internshala.com/internship/detail/work-from-home-business-analytics-internship-at-smollan-india-private-limited1707750344,
139,Isourse,Business Analytics,,Internship (6 Months),Delhi,"Business Analysis, Business Research, Data Analysis, Data Analytics, English Proficiency (Spoken), Jira, Power BI, Python, Research and Analytics, SQL","₹ 20,000 /month",Internshala,,12-02-2024,https://internshala.com/internship/detail/business-analytics-internship-in-delhi-at-isourse1707735982,
140,MNC Client,Data Scientist- Junior / Senior MNC,,Full-Time,Pune/Banglore/Mumbai,"python, Data Science, Artificial Intelligence, Excel Sheet, Data Analytics, SQL",8-18 Lacs P.A.,Naukri.com ,,15-02-2024,https://www.naukri.com/job-listings-140224007331,
141,Nxtwave Disruptive Technologies,Data analyst,,Full-Time,Hyderabad,"Data Analytics, Google Data Studio, Power Bi, redshift, Bigquery, Data Management, looker studio, Snowflake, Data Analysis, Tableau, Python, SQL",ND,Naukri.com ,Assessment done,15-02-2024,https://www.naukri.com/job-listings-140224010646,
142,OneOrigin ,Data analyst,,Full-Time,Bengaluru,Analytical Skills · Analytics · Data Analysis · Data Analytics · Data Mining · Mathematics · SQL · Statistics · Ad Hoc Analysis · Big Data,ND,LinkedIn,,15-02-2024,https://www.linkedin.com/jobs/view/3827271419,
143,Tree Top Staffing LLC APJ,Data analyst,,Full-Time,Remote,Analytics · Data Analysis · Data Analytics · KPI Dashboards · Microsoft Excel · Pivot Tables · Python (Programming Language) · IBM SPSS · Linear Regression · Time Management,ND,LinkedIn,,15-02-2024,https://www.linkedin.com/jobs/view/3830708918,
144,BayOne Solutions,Business/Data Analyst (Excel),,Contract (12 month),Remote,"SQL, Tableau, MS Excel, including pivot tables, formulas, and data visualization techniques",ND,LinkedIn,,15-02-2024,https://www.linkedin.com/jobs/view/3827244324,
145,sugar.fit,Data analyst,,Full-Time,Bengaluru,"Analytical Skills · Data Analysis · Data Extraction · Data Mining · Data Science · SQL · VBA Excel · Evidence · Key Performance Indicators · Multitasking
",ND,LinkedIn,,15-02-2024,https://www.linkedin.com/jobs/view/3827286975,
146,Avaari,Data Scientist,,Full-Time,Work from home,"Data Analytics, Data Science, Deep Learning, Machine Learning, Natural Language Processing (NLP), Python, SQL","₹ 2,40,000 - 7,00,000",Internshala,,17-02-2024,https://internshala.com/job/detail/fresher-remote-data-scientist-job-at-avaari1708059110?referral=student_digest_active,
147,Maple Capital Advisors,Junior Data Analyst,,Full-Time,New Delhi,,ND,LinkedIn,,17-02-2024,https://www.linkedin.com/jobs/view/3829314572,
148,SymphonyAI,Data Science,,Intern,Bengaluru,Analytics · Artificial Intelligence (AI) · Machine Learning Algorithms · Data Visualization · Pandas (Software) · Exploratory Data Analysis · Data Science · Data Analytics · Data Extraction · Data Manipulation,ND,LinkedIn,,17-02-2024,https://www.linkedin.com/jobs/view/3829319492,
149,NetApp,Data Scientist,125201,Full-Time,Bengaluru,Statistics · Mathematics · Pattern Recognition · Machine Learning · Natural Language Processing (NLP) · Artificial Intelligence (AI) · Applied Mathematics · Data Science · Communication · Computer Science,ND,LinkedIn,,17-02-2024,https://www.linkedin.com/jobs/view/3829576711,
150,Virtualness,Data Analyst,,Full-Time,Remote,Analytical Skills · Analytics · Data Analysis · Data Analytics · Data Mining · Mathematics · SQL · Statistics · Big Data,ND,LinkedIn,GForm - Link,17-02-2024,https://www.linkedin.com/jobs/view/3821164698,
151,Snowflake,Data Engineer,7216925002,Internship,Pune,,ND,LinkedIn,,17-02-2024,https://careers.snowflake.com/us/en/job/SNCOUS7216925002EXTERNALENUS/Data-Engineer-Intern?utm_medium=phenom-feeds&utm_source=linkedin&gh_src=ed5543a62,
152,TekJobs,Business Systems Analyst,,Full-Time,Remote (Hyderabad),Databases · Microsoft SQL Server,ND,LinkedIn,,19-02-2024,https://www.linkedin.com/jobs/view/3827901860,
153,TekJobs,Data Engineer,,Full-Time,Remote (Chennai),Databases · Microsoft SQL Server,ND,LinkedIn,,19-02-2024,https://www.linkedin.com/jobs/view/3827901835,
154,Gridware,Junior Data Analyst,,Full-Time,Remote (Hyderabad),Statistics · Data Visualization · Analytics · Data Analysis · Data Science · Data Analytics · Problem Solving · Real-time Data · Daily Reports · Anomaly Detection,"$12,000- $18,000",LinkedIn,,19-02-2024,https://www.linkedin.com/jobs/view/3832753095,
155,Adtitude Digital,Business Analyst,,Full-Time,Remote,"Technology and tools: Slack, SQL, Excel , Tableau, Power BI or Looker Studio, Gmail and Google Calendar, Google Drive, Google Docs & Google Sheet, Basics of Microsoft Excel, Ability to search and learn online",INR 400K + Performance Bonus,LinkedIn,6:00 PM to 4:00 AM (Night Time IST),19-02-2024,https://www.linkedin.com/jobs/view/3828511091,
156,TestGrid.io,Business Analyst,,Full-Time,Remote,,,LinkedIn,,19-02-2024,https://www.linkedin.com/jobs/view/3831393618,
157,BayOne Solutions,Business/Data Analyst (Excel),,Contract (12 month),Remote,"SQL, Tableau, MS Excel, including pivot tables, formulas, and data visualization techniques.",ND,LinkedIn,,19-02-2024,https://www.linkedin.com/jobs/view/3829177747,
158,MLH Agency,Data Analyst,,Part-Time,Remote,SQL,ND,LinkedIn,,19-02-2024,https://www.linkedin.com/jobs/view/3833518246,
159,MedTourEasy,Data Analyst,,Internship,Remote,,ND,LinkedIn,,19-02-2024,https://www.linkedin.com/jobs/view/3830311219,
160,Nagarro,Trainee,,Internship,Remote,,ND,LinkedIn,,19-02-2024,https://www.linkedin.com/jobs/view/3794671398,
161,Peroptyx,Data Analyst,,Contract (12 month),Remote,,ND,LinkedIn,,19-02-2024,https://connect.peroptyx.com/job-openings/4zgx6-2/?key=wdpgfvhz&submissionGuid=08b2d9f5-978e-4f32-98f7-b837dc37b51c,https://connect.peroptyx.com/dashboard/
162,Goodera,Data Analytics,,Internship (3 Months),Remote,"Data Analysis, MS-Excel","₹ 15,000-16,000 /month",Internshala,,19-02-2024,https://internshala.com/internship/detail/work-from-home-part-time-data-analytics-internship-at-goodera1708088425,
163,Sandhan Learning,Business Analytics,,Internship (3 Months),Remote,"Client Relationship, Data Analytics, English Proficiency (Spoken), Research and Analytics","₹ 5,000 /month + Incentives",Internshala,,19-02-2024,https://internshala.com/internship/detail/work-from-home-business-analytics-internship-at-sandhan-learning1708318951,
164,Cleantech Solar,Data Analytics,,Internship (3 Months),Remote,"Data Analytics, Linux, Power BI, Python, R Programming, Shell Scripting, SQL","₹ 25,000 /month",Internshala,,19-02-2024,https://internshala.com/internship/detail/work-from-home-data-analytics-internship-at-cleantech-solar1707457006,
165,ProductIn,Analyst,,Internship,Remote (Banglore),,₹5000 - ₹10000,LinkedIn,,19-02-2024,https://www.linkedin.com/jobs/view/3830331246,
166,Winged Recruitment,Data Analyst,,Internship,Remote (Chennai),"Python, SQL",ND,LinkedIn,,19-02-2024,https://www.careers-page.com/winged-recruitment/job/QV787XY6?utm_medium=free_job_board&utm_source=linkedin,https://www.linkedin.com/jobs/view/3833377564
167,Sumo Logic,Data Analyst,,Full-Time,Bengaluru,"SQL, Python, Data Stack Libraries (Numpy, Pandas, Matplotlib, Seaborn, IPython, Jupyter Notebooks), Tableau/Looker, ",ND,LinkedIn,,20-02-2024,https://www.linkedin.com/jobs/view/3816674505,
168,OneOrigin,Data Analyst,,Full-Time,Bengaluru,"Strong knowledge of and experience with reporting packages (Business Objects etc.), databases (SQL, etc.), and programming (XML, Javascript, or ETL frameworks), Excel",ND,LinkedIn,,20-02-2024,https://www.linkedin.com/jobs/view/3830322549,
169,Trailytics,Data Scientist,,Full-Time,Remote,"Data Science, Statistics, and Data Analytics skills, Data Visualization and Data Analysis skills, data modeling, machine learning, and algorithms, Python, ",ND,LinkedIn,,20-02-2024,https://www.linkedin.com/jobs/view/3830358378,
170,MAANG Assistance,Data Analyst,,Full-Time,Remote,Analytical Skills · Analytics · Data Analysis · Data Analytics · Data Mining · Mathematics · SQL · Statistics · Ad Hoc Analysis · Big Data,ND,LinkedIn,,20-02-2024,https://www.linkedin.com/jobs/view/3830376687,
171,Academy of Management Studies (AMS),Data Analyst,,Contract (12 month),Kochi,Analytical Skills · Analytics · Data Analysis · Data Analytics · Data Mining · Mathematics · SQL · Statistics · Ad Hoc Analysis · Big Data,ND,LinkedIn,,20-02-2024,https://www.linkedin.com/jobs/view/3830357434,
172,Sumo Logic,Data Analyst,,Full-Time,Bengaluru,"SQL, Python, Spreadsheet tools like Google Sheets, Excel and BI Tools like Tableau, Looker etc.",ND,LinkedIn,,20-02-2024,https://www.linkedin.com/jobs/view/3816674505,
173,Apperture,Data Analyst,,Full-Time,Bengaluru,Analytical Skills · Analytics · Data Analysis · Data Analytics · Data Mining · Mathematics · SQL · Statistics · Big Data,15 - 20 L / annum + ESOPs,LinkedIn,,20-02-2024,https://www.linkedin.com/jobs/view/3830943469,
174,SAZ India,Data Analyst / Data Scientist,83185,Full-Time,Remote,"Robot Framework, Python, Test Case Design, Skills: data, models, design,ml, organization,python,SQL, excel","₹400,000/yr - ₹500,000/yr",LinkedIn,,20-02-2024,https://www.linkedin.com/jobs/view/3835135274,
175,Bhanzu,Technical Data Analyst,,Full-Time,Bengaluru,Microsoft Excel · Data Analysis · Data Visualization · Data Analytics · Visualization · SQL · Databases · Data Wrangling · Relational Databases · Problem Solving,ND,LinkedIn,,20-02-2024,https://www.instahyre.com/job-303220-technical-data-analyst-at-bhanzu-bangalore/?utm_source=linkedin&utm_medium=listing&utm_campaign=linkedin_apply&utm_content=303220,https://www.linkedin.com/jobs/view/3830988218
176,ENZER COMPONENTS LIMITED,Data Entry Analyst,,Full-Time,Remote,"Microsoft Office Suite (Word, Excel, Outlook), ",ND,LinkedIn,,20-02-2024,https://www.linkedin.com/jobs/view/3834330557,https://app.ismartrecruit.com/jobDescription?x=E7pZW5kemVydC5jb21fMjE3OV9MSU5LRURJTg==Q9e
177,Terrabit Consulting,Data Support Analyst,,Contract (12 month),Bengaluru,"Analytical Skills and Operating Systems, Help Desk Support, Technical Support, and Troubleshooting",03-May,Official website,,28-02-2024,https://www.linkedin.com/jobs/view/3834094727/,https://terrabit.talentrecruit.com/career-page/apply/U2FsdGVkX1%252fkMkA6cUvfYUbOt7p5dN5ZJryyVt8TXm4%253d?share=linkedin
178,Colt Technology Services,Data Analyst,,Full-Time,Bengaluru,Databases · Data Management · Data Analytics · Visualization · Data Science · Data Visualization · Ticketing Systems · Data Quality · Written Communication · Communication,ND,LinkedIn,,28-02-2024,https://www.linkedin.com/jobs/view/3839867584,
179,Elite Met Solutions,Data Analyst / Data Scientist (Power BI / Python),,Full-Time,Remote,"Build data systems and pipelines, Interpret trends and patterns, SQL database design, Conduct complex data analysis and report on results","₹400,000/yr - ₹500,000/yr",LinkedIn,,28-02-2024,https://www.linkedin.com/jobs/view/3835112145/,
180,Louis Dreyfus Company,unior Data Engineer,,Full-Time,Bengaluru,"Python (Programming Language) · Dashboards · Data Analytics · Databases · Extract, Transform, Load (ETL) · Data Science · Data Engineering · Data Warehousing · Oral Communication · Communication",ND,Official website,,28-02-2024,https://www.linkedin.com/jobs/view/3841837671,https://www.ldc.com/careers/join-ldc/job-details/?id=ad6aeb0d-9102-4d26-8d16-22fbd76eb387
181,Bootes Impex Tech Ltd.,Data Insights Architect,,Full-Time,Gurugram,"Business Insights · Data Analysis · Data Science · Extract, Transform, Load (ETL) · SQL · VBA Excel · Data Integration · Data Intelligence · Operations · Power Tools",ND,LinkedIn,,28-02-2024,https://www.linkedin.com/jobs/view/3832661814,
182,Akamai Technologies,Data Engineer,,Full-Time,Remote,"Data Cleaning, Data Engineering, Datasets, Extract, Transform, Load (ETL), and SQL, Data Governance, Data Ingestion, Data Pipelines, Oracle SQL Developer, and Pardot",ND,LinkedIn,,29-02-2024,https://www.linkedin.com/jobs/view/3841123271,
183,Anthrofi,Market Research Analyst,,Full-Time,Remote,"Digital Marketing, Marketing, Research and Analytics, Social Media Marketing, Data collection, Survey design,  Insight generation","₹ 6,00,000 - 10,00,000",Internshala,,29-02-2024,https://internshala.com/job/detail/fresher-remote-market-research-analyst-job-at-anthrofi1709098472?referral=student_digest_active,
184,Advertalyst Private Limited,Software Development,,Internship (4 months),Remote,,"₹ 18,000-30,000 /month",Internshala,,29-02-2024,https://internshala.com/internship/detail/work-from-home-software-development-internship-at-advertalyst-private-limited1709102800?referral=student_digest_active,
185,Across The Globe (ATG),Business Analytics,,Internship (6 months),Remote,"Business Analysis, Business Research, Digital Marketing, Email Marketing, Social Media Marketing, User Interface (UI) Development, Windows Mobile Application Development","₹ 5,000-10,000 /month",Internshala,,29-02-2024,https://internshala.com/internship/detail/work-from-home-part-time-business-analytics-internship-at-across-the-globe-atg1709128433?referral=student_digest_active,
186,Rekruton Technologies,Data Analyst,,Full-Time,Remote,"Data Analysis, Proficient in SQL",ND,LinkedIn,,02-03-2024,https://www.linkedin.com/jobs/view/3843796699,
187,Health and Safety,Data Analyst,,Full-Time,Delhi,"Analytical Skills, Analytics, Data Analytics, Databases, and SAS (Software), Communication, Computer Science, Data Modeling, Oral Communication, and Statistical Software",ND,LinkedIn,,02-03-2024,https://www.linkedin.com/jobs/view/3840132885,
188,Bytical,Data Analyst,,Full-Time,Remote,Analytical Skills · Analytics · Applied Mathematics · Data Analysis · Data Analytics · Data Science · Data Visualization · Visualization · Ad Hoc Analysis · Problem Solving,ND,LinkedIn,,02-03-2024,https://www.linkedin.com/jobs/view/3835389706,
189,BayOne Solutions,Business/Data Analyst,,Contract (12 month),Remote,"MS Excel, including pivot tables, formulas, and data visualization techniques, Knowledge of SQL, Tableau",ND,LinkedIn,,02-03-2024,https://www.linkedin.com/jobs/view/3840586277,
190,Barclays,Analyst,90383389,Full-Time,Chennai,"Good communication skill, Able to work in competitive environment. Positive attitude

",ND,Official website,,03-03-2024,https://search.jobs.barclays/job/-/-/22545/61615042752?src=JB-12160&utm_source=Indeed&utm_medium=organic&utm_campaign=Indeed,
191,Wonksknow Technologies,Python Trainer & Developer,,Full-Time,Remote,Python,8-10 Lacs P.A.,Naukri.com,,03-03-2024,https://www.naukri.com/job-listings-python-trainer-developer-night-shift-and-work-from-home-wonksknow-technologies-bengaluru-0-to-2-years-290224006104?src=simJobDeskACP&sid=17094887476644746&xp=1&px=1,
192,Gaan Software,Trainee - Development,,Full-Time,Bengaluru,"Coding, Programming, Python Development, Angular Framework",ND,Naukri.com,,03-03-2024,https://www.naukri.com/job-listings-trainee-development-gaan-software-pvt-ltd-bengaluru-0-to-1-years-010324001268?xp=4&src=cja20240303920&xid=20240303920%255Egm%255E268080670&uid=268080670&alertId=&utm_campaign=cja_mailer&utm_medium=email&utm_source=joblink&utm_content=job_alerts_cja___job_alerts_cja&utm_term=20240303920,
193,MAANG,Data Analyst,,Full-Time,Mumbai,Analytical Skills · Analytics · Applied Mathematics · Data Analysis · Data Analytics · Data Science · Data Visualization · Visualization · Ad Hoc Analysis · Problem Solving,ND,LinkedIn,,04-03-2024,https://www.linkedin.com/jobs/view/3841423707,
194,WhiteSlips Job Management Consultants,Data Analyst,,Full-Time,Remote,"Microsoft Excel and Pivot Tables, Communication, Hlookups, and VLOOKUP",ND,LinkedIn,,04-03-2024,https://www.linkedin.com/jobs/view/3845753373/,
195,Acme Services,Data Analyst,,Full-Time,Gurugram,"Advanced Excel concepts including VBA, Macros, Arrays etc, SQL queries, Power BI/Tableau, Python",ND,LinkedIn,,04-03-2024,https://www.linkedin.com/jobs/view/3844992037,
196,KreditBee,Data Analyst,,Full-Time,Bengaluru,"Python, SQL, pandas, NumPy, Excel - vLookup/Index, Pivots, Visualizations.",ND,hirist.tech,,04-03-2024,https://www.hirist.tech/j/kreditbee-data-analyst-mysqlpython-1296032.html?utm_source=LinkedIn&utm_medium=listing&utm_campaign=linkedin_apply_ref&ref=linkedin,
197,Razormet Technologies,Data Analyst / Analytics,,Full-Time,Remote,Business Insights · Analytics · NumPy · Visualization · Datasets · Data Analysis · Data Science · Pandas (Software) · Data Visualization · Data Analytics,"₹400,000/yr - ₹500,000/yr",LinkedIn,,05-03-2024,https://www.linkedin.com/jobs/view/3845782119,
198,Gartner,Data Analyst,,Full-Time,Gurugram,"Excel/Python, SQL, PowerBI , Data Visualization · Data Analytics",ND,LinkedIn,,05-03-2024,https://www.linkedin.com/jobs/view/3845935789,
199,Rapid Consulting Services,Data Analyst,,Full-Time,Bengaluru,Analytical Skills · Data Visualization · Data Science · Data Analysis · Dashboards · Visualization · Data Cleaning · Data Analytics · Problem Solving · Communication,ND,LinkedIn,,05-03-2024,https://www.linkedin.com/jobs/view/3818371784,
200,Convin,Data Labs Intern,,Internship,Remote,"Analytical Skills, Analytics, Data Analytics, Data Science, and Data Visualization, Communication, Presentation Skills, Presentations, Problem Solving, and Statistical Analysis
",ND,LinkedIn,,05-03-2024,https://www.linkedin.com/jobs/view/3842513317,
201,Siemens Healthineers,Technical - Intern,398902,Internship,Bengaluru,"software design, OOPS, design principles & patterns, inter-process communication, multi-threading and data-structures.",ND,Official website,,05-03-2024,https://jobs.siemens.com/careers/job/563156117659085,
202,AstraZeneca,Analyst - Data Steward,R-193747,Full-Time,Chennai,"data management, data analysis, data processing, MS Excel, SQL, MS Word, MS Excel, MS PowerPoint, Python, Power BI",ND,Official website,,05-03-2024,https://astrazeneca.wd3.myworkdayjobs.com/Careers/job/India---Chennai/Analyst---Data-Steward_R-193747,
203,Hindustan SWM Solutions Pvt Ltd,Data Analyst,,Full-Time,Chennai,"SQL, Python, Microsoft SQL Server, Microsoft Excel, Data analysis skills, Analysis skills, Agile","₹20,000 - ₹30,000 a month",Indeed,,05-03-2024,https://in.indeed.com/viewjob?jk=d348157a0f933e12&tk=1ho75fqnuojd1801&from=hp&xpse=SoA767I3DHFYRgxZbR0LbzkdCdPP&xkcb=SoAc67M3DHCwt2wHBx0KbzkdCdPP,
204,Vikatan Group,Data Analyst,,Full-Time,Chennai,"SQL, Python, Microsoft Excel, Data analytics, Statistics, SciPy, NumPy, Spark, Hadoop","₹4,00,000 - ₹5,00,000 a year",Indeed,,05-03-2024,https://in.indeed.com/viewjob?jk=aefaa03e14e208fe&tk=1ho75fqnuojd1801&from=hp&xpse=SoAk67I3DHFQtgAT4j0LbzkdCdPP&xkcb=SoCq67M3DHCwtxQHBx0KbzkdCdPP,
205,Poshmark,Data Analytics,147801,Internship,Chennai,"SQL and MS Excel, Python, data modelling concept, data visualization, basic statistical concepts, MS PowerPoint  ",ND,Official website,,05-03-2024,Poshmark Careers,
206,QRight Solutions,Project Officer (Business Analyst),,Full-Time,Chennai,"Project planning, Project coordination, Customer relationship management, Data analysis skills, Analysis skills
","₹5,00,000 - ₹6,00,000 a year",Indeed,,05-03-2024,https://in.indeed.com/rc/clk?jk=d7aeebf14f18bb97&from=hp&tk=1ho76qbgsi9a9801,
207,noon,Business Analyst,,Full-Time,Gurugram,Dashboards · Data Analysis · Microsoft Excel · Python (Programming Language) · SQL · Business Analysis,ND,LinkedIn,,05-03-2024,https://www.linkedin.com/jobs/view/3846720244,
208,Pocket FM,Data Scientist,,Internship,Remote,"Long Term Optimization, Reinforcement Learning, Bandit Algorithms, Causal Inference, Deep Learning, ",ND,LinkedIn,,05-03-2024,https://www.linkedin.com/jobs/view/3845638983,
209,MakeMyTrip,Product Analyst,,Full-Time,Gurugram,Microsoft Excel · Python (Programming Language) · SQL,ND,LinkedIn,,05-03-2024,https://www.linkedin.com/jobs/view/3846719716,
210,Citi Bank,Business Analyst,24728901,Full-Time,"Chennai, Pune, Mumbai","Advanced SQL,  Excel and Power point, Tableau, Python Packages such as Pandas, Scikit-learn, Seaborn, Numpy, Plotly etc",ND,Official website,,06-03-2024,https://jobs.citi.com/job/-/-/287/62197983216?source=jb_indeedorganic,
211,The Investment Compass,Data Analytics Associate,,Full-Time,Remote,"Data Analysis, MS-Excel, Python, SQL, Tableau","₹ 4,50,000 - 6,00,000",Internshala,,06-03-2024,https://internshala.com/job/detail/fresher-remote-data-analytics-associate-job-at-the-investment-compass1709276196?referral=student_digest_active,
212,iXceed Solution,Data Analyst,,Full-Time,Chennai,"Tableau, SQL, Python, Data visualization,Analysis skills, Machine learning, Data science, Data analytics, Big data, Analytics","₹10,00,000 - ₹22,00,000 a year",Indeed,,06-03-2024,https://in.indeed.com/viewjob?jk=866a4e9ec9083d22&from=apply-conf,
213,Primenumbers Technologies,Data Analyst,,Internship (4 months),Remote,"Data Analytics, Research and Analytics","₹ 20,000 /month",Internshala,,07-03-2024,https://internshala.com/internship/detail/work-from-home-data-analytics-internship-at-primenumbers-technologies1709632071?referral=student_digest_active,
214,ASAPP,Customer Data Analyst,,Full-Time,Bengaluru,Data Visualization · Data Analytics · Analytical Skills · Visualization · Data Science · Dashboards · Google Docs · RStudio · Computer Science · Slide Decks,ND,LinkedIn,,07-03-2024,https://www.linkedin.com/jobs/view/3835438272/,
215,krtrimaIQ Cognitive Solutions,Data Analyst,,Full-Time,Bengaluru,"Analytical Skills · Data Analysis · Data Analytics · Data Management · Data Visualization · Databases · Extract, Transform, Load (ETL) · Statistics · Data Modeling · Problem Solving",ND,LinkedIn,,07-03-2024,https://www.linkedin.com/jobs/view/3841750131,
216,Ipsos,Research Analyst,815,Full-Time,"Bengaluru, Mumbai",,ND,Official website,,07-03-2024,https://ecqf.fa.em2.oraclecloud.com/hcmUI/CandidateExperience/en/sites/IpsosCareers/job/815/?utm_medium=career+site&utm_source=job+alert,
217,Zyla Health,Data Analyst,,Full-Time,Gurugram,"Python, SQL, Advanced Excel (including Macros), Business Intelligence tools (such as Power BI, Tableau), Report automation using multiple tools",ND,LinkedIn,,08-03-2024,https://www.linkedin.com/jobs/view/3845434834,
218,Think and Learn Pvt. Ltd,Analyst,,Full-Time,Bengaluru,"Analytical Skills, Analytics, Data Analysis, Data Analytics, and Microsoft Excel, Communication, Presentation Skills, Presentations, and Problem Solving",ND,LinkedIn,,08-03-2024,https://www.linkedin.com/jobs/view/3844341827,
219,Cashfree Payments,Data Analyst - I,,Full-Time,Bengaluru,Python (Programming Language) · SQL · Software as a Service (SaaS),ND,LinkedIn,,08-03-2024,https://www.linkedin.com/jobs/view/3848312017,
220,MAANG,Data Analyst,,Full-Time,Mumbai,"Analytical Skills, Data Analytics, and Statistics skills, Data Modeling and database management skills, SQL, Python,Tableau or Power BI",ND,LinkedIn,,09-03-2024,https://www.linkedin.com/jobs/view/3841423707,
221,fascinatid,Analytics Analyst,,Part-Time,Remote,Analytical Skills · Analytics · Data Analysis · Data Analytics · Data Visualization · SAS (Software) · Statistical Modeling · Statistics · Communication · Problem Solving · Teamwork,ND,LinkedIn,,10-03-2024,https://www.linkedin.com/jobs/view/3849589241,
222,Rekruton Technologies,Business Analyst,,Full-Time,Remote,"Track and report data, Build cross-functional partnerships, internally and externally, Manage budgets, Maintain a competitive market knowledge, Fluency in Microsoft Office suite (Outlook, Excel, Word, PowerPoint, etc.)  ",ND,LinkedIn,,11-03-2024,https://www.linkedin.com/jobs/view/3852468581,
223,Rekruton Technologies,Data Analyst,,Full-Time,Remote,"SQL, Understand the day-to-day issues that our business faces, which can be better understood with data, Compile and analyze data related to business issues, Develop clear visualizations to convey complicated data in a straightforward fashion",ND,LinkedIn,,11-03-2024,https://www.linkedin.com/jobs/view/3852465820,
224,The Udaiti Foundation,Intern,,Internship (3 Months),Delhi,"Excel and PowerPoint, basic visualizations and documenting proper interpretations from the graph/data, Ability to clean and organize data",ND,Official website,,12-03-2024,Job Description - The Convergence Foundation,
225,NielsenIQ,Data Processing Analyst,,Full-Time,Chennai,"Analytical Skills, Analytics, and Visualization, 7 skills missing on your profile
Attention to Detail, Collating, Communication, Computer Science, Manufacturing Process Improvement, Organization Skills, Problem Solving",ND,Official website,,12-03-2024,https://jobs.smartrecruiters.com/NielsenIQ/743999973048907-data-processing-analyst,https://www.linkedin.com/jobs/view/3852605019
226,Ciena,Data Operations Analyst,,Full-Time,Gurugram,"Data and Analytics related applications including Looker, PowerBI, Informatica, GitHub, Striim, and Snowflake. Python",ND,Official website,,13-03-2024,https://careers.ciena.com/us/en/job/R024760/Data-Operations-Analyst,
227,Bytical,Data Analyst,,Part-Time,Remote,"Analytical Skills and Data Analytics, SQL, Python, Experience with statistical analysis and modelling, Data Modeling abilities",ND,LinkedIn,,13-03-2024,https://www.linkedin.com/jobs/view/3851707897,
228,Cashfree Payments,Data Analyst - I,,Full-Time,Bengaluru,"Advanced SQL, Python data crunching, AWS quicksight, Tableau, Looker [Python (Programming Language) · SQL · Software as a Service (SaaS)]",ND,LinkedIn,,14-03-2024,https://www.linkedin.com/jobs/view/3853430056,
229,EarnIn,Data Science Intern,,Internship,Bengaluru,Data Visualization · Programming · Data Science · Data Analytics · Programming Languages · Algorithms · Data Structures · Communication · Computer Science · Key Metrics,ND,LinkedIn,,14-03-2024,https://www.linkedin.com/jobs/view/3854760909,
230,Jar,Data Analyst Intern,,Internship,Bengaluru,"Python Data Analysis Packages(Pandas, NumPy, Matplotlib, Scikit-Learn) is a must, Data Exploration and Visualisation with tools like Amplitude, Clevertap, MS Excel, Tableau, Power BI, etc",ND,LinkedIn,,14-03-2024,https://www.linkedin.com/jobs/view/3849938214,
231,WCG,Jr. Data & Analytics Engineer,,Full-Time,Remote,"Python, data manipulation and analysis using SQL, machine learning and deep learning frameworks (e.g., TensorFlow, PyTorch)",ND,Official website,,15-03-2024,https://careers.wcgclinical.com/careers/FolderDetail/Jr-Data-Analytics-Engineer-India-Remote/3832,https://www.linkedin.com/jobs/view/3818212303
232,Johnson & Johnson,Data analyst – Commercial Effectiveness,2406174230W,Full-Time,Pune,"Excel, Demonstrated proficiency with Data Science languages such as Python or R is strongly preferred,    Demonstrated proficiency in data visualization software like Tableau or Qlik",ND,Official website,,15-03-2024,https://jnjc.taleo.net/careersection/careersection/2/jobdetail.ftl,
233,Elite Met Solutions,Data Analyst / Analytics,,Full-Time,Chennai,"Advance in SQL and Excel, tableau,power bi, Python, Web Scraping (good to have)","₹400,000/yr - ₹500,000/yr",LinkedIn,,16-03-2024,https://www.linkedin.com/jobs/view/3859741383,
234,,,,,,,,,,,,
235,,,,,,,,,,,,
236,,,,,,,,,,,,
237,,,,,,,,,,,,
238,,,,,,,,,,,,
239,,,,,,,,,,,,
240,,,,,,,,,,,,
241,,,,,,,,,,,,
242,,,,,,,,,,,,
243,,,,,,,,,,,,
244,,,,,,,,,,,,
245,,,,,,,,,,,,
246,,,,,,,,,,,,
247,,,,,,,,,,,,
248,,,,,,,,,,,,
249,,,,,,,,,,,,
250,,,,,,,,,,,,
251,,,,,,,,,,,,
252,,,,,,,,,,,,
253,,,,,,,,,,,,
254,,,,,,,,,,,,
255,,,,,,,,,,,,
256,,,,,,,,,,,,
257,,,,,,,,,,,,
258,,,,,,,,,,,,
259,,,,,,,,,,,,
260,,,,,,,,,,,,
261,,,,,,,,,,,,
262,,,,,,,,,,,,
263,,,,,,,,,,,,
264,,,,,,,,,,,,
265,,,,,,,,,,,,
266,,,,,,,,,,,,
267,,,,,,,,,,,,
268,,,,,,,,,,,,
269,,,,,,,,,,,,
270,,,,,,,,,,,,
271,,,,,,,,,,,,
272,,,,,,,,,,,,
273,,,,,,,,,,,,
274,,,,,,,,,,,,
275,,,,,,,,,,,,
276,,,,,,,,,,,,
277,,,,,,,,,,,,
278,,,,,,,,,,,,
